{
	"format_version": "1.21.6",
	"credit": "Made with Blockbench",
	"texture_size": [64, 64],
	"textures": {
		"0": "mmsmp:item/alien",
		"particle": "block/dirt"
	},
	"elements": [
		{
			"name": "front",
			"from": [4, 0, 6],
			"to": [8, 12, 6],
			"rotation": {"angle": 0, "axis": "y", "origin": [4, 0, 6]},
			"faces": {
				"north": {"uv": [1, 13, 2, 16], "texture": "#0"},
				"east": {"uv": [1, 13, 1, 16], "texture": "#0"},
				"south": {"uv": [2, 13, 1, 16], "texture": "#0"},
				"west": {"uv": [2, 13, 2, 16], "texture": "#0"},
				"up": {"uv": [1, 13, 2, 13], "texture": "#0"},
				"down": {"uv": [0, 0, 1, 0], "texture": "#0"}
			}
		},
		{
			"name": "right",
			"from": [4, 0, 6],
			"to": [4, 12, 10],
			"rotation": {"angle": 0, "axis": "y", "origin": [4, 0, 6]},
			"faces": {
				"north": {"uv": [2, 9, 2, 12], "texture": "#0"},
				"east": {"uv": [1, 9, 2, 12], "texture": "#0"},
				"south": {"uv": [1, 9, 1, 12], "texture": "#0"},
				"west": {"uv": [2, 9, 1, 12], "texture": "#0"},
				"up": {"uv": [1, 9, 1, 10], "texture": "#0"},
				"down": {"uv": [0, 0, 0, 1], "texture": "#0"}
			}
		},
		{
			"name": "back",
			"from": [4, 0, 10],
			"to": [8, 12, 10],
			"rotation": {"angle": 0, "axis": "y", "origin": [4, 0, 10]},
			"faces": {
				"north": {"uv": [2, 9, 1, 12], "texture": "#0"},
				"east": {"uv": [2, 9, 2, 12], "texture": "#0"},
				"south": {"uv": [2, 9, 1, 12], "texture": "#0"},
				"west": {"uv": [2, 9, 2, 12], "texture": "#0"},
				"up": {"uv": [1, 9, 2, 9], "texture": "#0"},
				"down": {"uv": [0, 0, 1, 0], "texture": "#0"}
			}
		},
		{
			"name": "left",
			"from": [8, 0, 6],
			"to": [8, 12, 10],
			"rotation": {"angle": 0, "axis": "y", "origin": [6, 0, 8]},
			"faces": {
				"north": {"uv": [1, 13, 1, 16], "texture": "#0"},
				"east": {"uv": [0, 13, 1, 16], "texture": "#0"},
				"south": {"uv": [0, 13, 0, 16], "texture": "#0"},
				"west": {"uv": [1, 13, 0, 16], "texture": "#0"},
				"up": {"uv": [0, 13, 0, 13.75], "texture": "#0"},
				"down": {"uv": [0, 0, 0, 1], "texture": "#0"}
			}
		},
		{
			"name": "front",
			"from": [8, 0, 6],
			"to": [12, 12, 6],
			"rotation": {"angle": 0, "axis": "y", "origin": [8, 0, 6]},
			"faces": {
				"north": {"uv": [1, 9, 2, 12], "texture": "#0"},
				"east": {"uv": [1, 9, 1, 12], "texture": "#0"},
				"south": {"uv": [2, 9, 1, 12], "texture": "#0"},
				"west": {"uv": [2, 9, 2, 12], "texture": "#0"},
				"up": {"uv": [1, 9, 2, 9], "texture": "#0"},
				"down": {"uv": [0, 0, 1, 0], "texture": "#0"}
			}
		},
		{
			"name": "left",
			"from": [12, 0, 6],
			"to": [12, 12, 10],
			"rotation": {"angle": 0, "axis": "y", "origin": [10, 0, 6]},
			"faces": {
				"north": {"uv": [1, 9, 1, 12], "texture": "#0"},
				"east": {"uv": [0, 9, 1, 12], "texture": "#0"},
				"south": {"uv": [0, 9, 0, 12], "texture": "#0"},
				"west": {"uv": [1, 9, 0, 12], "texture": "#0"},
				"up": {"uv": [0, 9, 0, 9.75], "texture": "#0"},
				"down": {"uv": [0, 0, 0, 1], "texture": "#0"}
			}
		},
		{
			"name": "back",
			"from": [8, 0, 10],
			"to": [12, 12, 10],
			"rotation": {"angle": 0, "axis": "y", "origin": [8, 0, 10]},
			"faces": {
				"north": {"uv": [4, 9, 3, 12], "texture": "#0"},
				"east": {"uv": [4, 9, 4, 12], "texture": "#0"},
				"south": {"uv": [3, 9, 4, 12], "texture": "#0"},
				"west": {"uv": [3, 9, 3, 12], "texture": "#0"},
				"up": {"uv": [3, 9, 4, 9], "texture": "#0"},
				"down": {"uv": [0, 0, 1, 0], "texture": "#0"}
			}
		},
		{
			"name": "front",
			"from": [4, 12, 5.9],
			"to": [12, 13, 6.4],
			"rotation": {"angle": 0, "axis": "y", "origin": [6, 12, 5.9]},
			"faces": {
				"north": {"uv": [5, 11.75, 7, 12], "texture": "#0"},
				"east": {"uv": [5, 11.75, 5.25, 12], "texture": "#0"},
				"south": {"uv": [5, 11.75, 7, 12], "texture": "#0"},
				"west": {"uv": [6.75, 11.75, 7, 12], "texture": "#0"},
				"up": {"uv": [5, 11.75, 7, 12], "texture": "#0"},
				"down": {"uv": [5, 11.75, 7, 12], "texture": "#0"}
			}
		},
		{
			"name": "back",
			"from": [4, 12, 9.6],
			"to": [12, 13, 10.1],
			"rotation": {"angle": 0, "axis": "y", "origin": [6, 12, 9.6]},
			"faces": {
				"north": {"uv": [7, 11.75, 9, 12], "texture": "#0"},
				"east": {"uv": [7, 11.75, 9, 12], "texture": "#0"},
				"south": {"uv": [7, 11.75, 9, 12], "texture": "#0"},
				"west": {"uv": [7, 11.75, 9, 12], "texture": "#0"},
				"up": {"uv": [7, 11.75, 9, 12], "texture": "#0"},
				"down": {"uv": [7, 11.75, 9, 12], "texture": "#0"}
			}
		},
		{
			"name": "back",
			"from": [4, 12, 6.4],
			"to": [4.5, 13, 9.6],
			"rotation": {"angle": 0, "axis": "y", "origin": [4.5, 12, 8.6]},
			"faces": {
				"north": {"uv": [7, 11.75, 9, 12], "texture": "#0"},
				"east": {"uv": [7, 11.75, 9, 12], "texture": "#0"},
				"south": {"uv": [7, 11.75, 9, 12], "texture": "#0"},
				"west": {"uv": [7, 11.75, 9, 12], "texture": "#0"},
				"up": {"uv": [7, 11.75, 9, 12], "texture": "#0"},
				"down": {"uv": [7, 11.75, 9, 12], "texture": "#0"}
			}
		},
		{
			"name": "back",
			"from": [11.5, 12, 6.4],
			"to": [12, 13, 9.6],
			"rotation": {"angle": 0, "axis": "y", "origin": [12, 12, 8.6]},
			"faces": {
				"north": {"uv": [7, 11.75, 9, 12], "texture": "#0"},
				"east": {"uv": [7, 11.75, 9, 12], "texture": "#0"},
				"south": {"uv": [7, 11.75, 9, 12], "texture": "#0"},
				"west": {"uv": [7, 11.75, 9, 12], "texture": "#0"},
				"up": {"uv": [7, 11.75, 9, 12], "texture": "#0"},
				"down": {"uv": [7, 11.75, 9, 12], "texture": "#0"}
			}
		}
	],
	"display": {
		"thirdperson_righthand": {
			"rotation": [75, 45, 0],
			"translation": [0, 1.5, 0]
		},
		"thirdperson_lefthand": {
			"rotation": [75, 45, 0],
			"translation": [0, 1.5, 0]
		},
		"firstperson_righthand": {
			"rotation": [171.81, 45.48, -171.72],
			"translation": [-1.25, 0.25, 0]
		},
		"firstperson_lefthand": {
			"rotation": [171.81, 45.48, -171.72],
			"translation": [-1.25, 0.25, 0]
		},
		"ground": {
			"translation": [0, 3, 0]
		},
		"gui": {
			"rotation": [30, -135, 0],
			"translation": [0, -1.5, 0],
			"scale": [1.2, 1.2, 1.2]
		},
		"head": {
			"translation": [0, -12.75, -3],
			"scale": [2, 2, 2]
		},
		"fixed": {
			"translation": [0, -3.25, 0],
			"scale": [1.5, 1.5, 1.5]
		},
		"on_shelf": {
			"rotation": [-180, 0, -180],
			"translation": [0, 0, -2.25],
			"scale": [1.2, 1.2, 1.2]
		}
	},
	"groups": [
		{
			"name": "Right Leg",
			"origin": [9.9, 12, 8],
			"color": 0,
			"children": [0, 1, 2, 3]
		},
		{
			"name": "Left Leg",
			"origin": [6.1, 12, 8],
			"color": 0,
			"children": [4, 5, 6]
		},
		{
			"name": "Belt",
			"origin": [8, 0, -1],
			"color": 0,
			"children": [7, 8, 9, 10]
		}
	]
}