{
	"textures": {
		"1": "animated_java:blueprint/present/0",
		"particle": "minecraft:item/pufferfish"
	},
	"display": {
		"head": {
			"rotation": [0, 180, 0]
		}
	},
	"elements": [
		{
			"from": [13, 8, 3],
			"to": [3, 11, 13],
			"rotation": {
				"angle": 0,
				"axis": "y",
				"origin": [11.5, -1, 2.5]
			},
			"faces": {
				"north": {
					"uv": [2.5, 0, 2.75, 0.75],
					"texture": "#1"
				},
				"east": {
					"uv": [2.5, 0, 2.75, 0.75],
					"texture": "#1"
				},
				"south": {
					"uv": [2.5, 0, 2.75, 0.75],
					"texture": "#1"
				},
				"west": {
					"uv": [2.5, 0, 2.75, 0.75],
					"texture": "#1"
				}
			},
			"light_emission": 15
		}
	]
}