{
	"textures": {
		"0": "animated_java:blueprint/present/present",
		"particle": "minecraft:item/pufferfish"
	},
	"display": {
		"head": {
			"rotation": [0, 180, 0]
		}
	},
	"elements": [
		{
			"from": [2, 8, 2],
			"to": [14, 17, 14],
			"rotation": {
				"angle": 0,
				"axis": "y",
				"origin": [2, 8, 2]
			},
			"faces": {
				"north": {
					"uv": [0.25, 1.25, 3.25, 3.5],
					"texture": "#0",
					"tintindex": 0
				},
				"east": {
					"uv": [3.25, 9.5, 0.25, 11.75],
					"texture": "#0",
					"tintindex": 0
				},
				"south": {
					"uv": [3.25, 1.25, 0.25, 3.5],
					"texture": "#0",
					"tintindex": 0
				},
				"west": {
					"uv": [3.25, 9.5, 0.25, 11.75],
					"texture": "#0",
					"tintindex": 0
				},
				"up": {
					"uv": [0.25, 6.5, 3.25, 9.5],
					"texture": "#0",
					"tintindex": 0
				},
				"down": {
					"uv": [0.25, 3.5, 3.25, 6.5],
					"texture": "#0",
					"tintindex": 0
				}
			}
		},
		{
			"from": [1.8, 7.8, 1.8],
			"to": [14.2, 17.2, 14.2],
			"rotation": {
				"angle": 0,
				"axis": "y",
				"origin": [2, 8, 2]
			},
			"faces": {
				"north": {
					"uv": [13, 0, 16, 2.25],
					"texture": "#0"
				},
				"east": {
					"uv": [13, 0, 16, 2.25],
					"texture": "#0"
				},
				"south": {
					"uv": [13, 0, 16, 2.25],
					"texture": "#0"
				},
				"west": {
					"uv": [13, 0, 16, 2.25],
					"texture": "#0"
				},
				"up": {
					"uv": [13, 5.25, 16, 8.25],
					"texture": "#0"
				},
				"down": {
					"uv": [13, 2.25, 16, 5.25],
					"texture": "#0"
				}
			}
		},
		{
			"from": [14.2, 17.2, 14.2],
			"to": [1.8, 7.8, 1.8],
			"rotation": {
				"angle": 0,
				"axis": "y",
				"origin": [2, 8, 2]
			},
			"faces": {
				"north": {
					"uv": [13, 2.25, 16, 0],
					"texture": "#0"
				},
				"east": {
					"uv": [13, 2.25, 16, 0],
					"texture": "#0"
				},
				"south": {
					"uv": [13, 2.25, 16, 0],
					"texture": "#0"
				},
				"west": {
					"uv": [13, 2.25, 16, 0],
					"texture": "#0"
				},
				"up": {
					"uv": [16, 2.25, 13, 5.25],
					"texture": "#0"
				},
				"down": {
					"uv": [16, 2.25, 13, 5.25],
					"texture": "#0"
				}
			}
		}
	]
}