{
	"format_version": "1.21.6",
	"credit": "Made with Blockbench",
	"texture_size": [32, 32],
	"textures": {
		"0": "mmsmp:item/hats/frog_hat",
		"particle": "mmsmp:item/hats/frog_hat"
	},
	"elements": [
		{
			"from": [5, 0, 5],
			"to": [11, 3, 11],
			"rotation": {"angle": 0, "axis": "y", "origin": [7, 0, 7]},
			"faces": {
				"north": {"uv": [3, 5, 6, 6.5], "texture": "#0"},
				"east": {"uv": [0, 6, 3, 7.5], "texture": "#0"},
				"south": {"uv": [6, 0, 9, 1.5], "texture": "#0"},
				"west": {"uv": [6, 1.5, 9, 3], "texture": "#0"},
				"up": {"uv": [3, 3, 0, 0], "texture": "#0"},
				"down": {"uv": [3, 3, 0, 6], "texture": "#0"}
			}
		},
		{
			"from": [4, 3, 9.5],
			"to": [6, 5, 11.5],
			"rotation": {"angle": 0, "axis": "y", "origin": [4, 3, 9.5]},
			"faces": {
				"north": {"uv": [2.5, 7.5, 3.5, 8.5], "texture": "#0"},
				"east": {"uv": [3.5, 7.5, 4.5, 8.5], "texture": "#0"},
				"south": {"uv": [4.5, 7.5, 5.5, 8.5], "texture": "#0"},
				"west": {"uv": [5.5, 7.5, 6.5, 8.5], "texture": "#0"},
				"up": {"uv": [7.5, 8.5, 6.5, 7.5], "texture": "#0"},
				"down": {"uv": [8.5, 7.5, 7.5, 8.5], "texture": "#0"}
			}
		},
		{
			"from": [10, 3, 9.5],
			"to": [12, 5, 11.5],
			"rotation": {"angle": 0, "axis": "y", "origin": [10, 3, 9.5]},
			"faces": {
				"north": {"uv": [2, 8.5, 3, 9.5], "texture": "#0"},
				"east": {"uv": [3, 8.5, 4, 9.5], "texture": "#0"},
				"south": {"uv": [4, 8.5, 5, 9.5], "texture": "#0"},
				"west": {"uv": [5, 8.5, 6, 9.5], "texture": "#0"},
				"up": {"uv": [7, 9.5, 6, 8.5], "texture": "#0"},
				"down": {"uv": [8, 8.5, 7, 9.5], "texture": "#0"}
			}
		},
		{
			"from": [4, 0, 5],
			"to": [5, 2, 9],
			"rotation": {"angle": 0, "axis": "y", "origin": [4, 0, 5]},
			"faces": {
				"north": {"uv": [0.5, 9, 1, 10], "texture": "#0"},
				"east": {"uv": [6, 3, 8, 4], "texture": "#0"},
				"south": {"uv": [1, 9, 1.5, 10], "texture": "#0"},
				"west": {"uv": [6, 4, 8, 5], "texture": "#0"},
				"up": {"uv": [9, 9, 8.5, 7], "texture": "#0"},
				"down": {"uv": [8.5, 8.5, 8, 10.5], "texture": "#0"}
			}
		},
		{
			"from": [11, 0, 5],
			"to": [12, 2, 9],
			"rotation": {"angle": 0, "axis": "y", "origin": [11, 0, 5]},
			"faces": {
				"north": {"uv": [1.5, 9, 2, 10], "texture": "#0"},
				"east": {"uv": [6, 5, 8, 6], "texture": "#0"},
				"south": {"uv": [9, 2, 9.5, 3], "texture": "#0"},
				"west": {"uv": [6, 6, 8, 7], "texture": "#0"},
				"up": {"uv": [0.5, 11, 0, 9], "texture": "#0"},
				"down": {"uv": [9.5, 0, 9, 2], "texture": "#0"}
			}
		},
		{
			"from": [2.75, 0, 5],
			"to": [4, 1, 7],
			"rotation": {"angle": 0, "axis": "y", "origin": [2.75, 0, 5]},
			"faces": {
				"north": {"uv": [9.5, 5, 10, 5.5], "texture": "#0"},
				"east": {"uv": [9, 3, 10, 3.5], "texture": "#0"},
				"south": {"uv": [5.5, 9.5, 6, 10], "texture": "#0"},
				"west": {"uv": [9, 3.5, 10, 4], "texture": "#0"},
				"up": {"uv": [9.5, 5, 9, 4], "texture": "#0"},
				"down": {"uv": [9.5, 5, 9, 6], "texture": "#0"}
			}
		},
		{
			"from": [12, 0, 5],
			"to": [13.25, 1, 7],
			"rotation": {"angle": 0, "axis": "y", "origin": [12, 0, 5]},
			"faces": {
				"north": {"uv": [9.5, 5.5, 10, 6], "texture": "#0"},
				"east": {"uv": [9, 6, 10, 6.5], "texture": "#0"},
				"south": {"uv": [6, 9.5, 6.5, 10], "texture": "#0"},
				"west": {"uv": [9, 6.5, 10, 7], "texture": "#0"},
				"up": {"uv": [9.5, 8, 9, 7], "texture": "#0"},
				"down": {"uv": [9.5, 8, 9, 9], "texture": "#0"}
			}
		},
		{
			"from": [4, 0, 10],
			"to": [5, 1, 12],
			"rotation": {"angle": 0, "axis": "y", "origin": [4, 0, 10]},
			"faces": {
				"north": {"uv": [6.5, 9.5, 7, 10], "texture": "#0"},
				"east": {"uv": [8.5, 9, 9.5, 9.5], "texture": "#0"},
				"south": {"uv": [7, 9.5, 7.5, 10], "texture": "#0"},
				"west": {"uv": [9.5, 0, 10.5, 0.5], "texture": "#0"},
				"up": {"uv": [10, 1.5, 9.5, 0.5], "texture": "#0"},
				"down": {"uv": [10, 1.5, 9.5, 2.5], "texture": "#0"}
			}
		},
		{
			"from": [11, 0, 10],
			"to": [12, 1, 12],
			"rotation": {"angle": 0, "axis": "y", "origin": [11, 0, 10]},
			"faces": {
				"north": {"uv": [9.5, 7, 10, 7.5], "texture": "#0"},
				"east": {"uv": [2, 9.5, 3, 10], "texture": "#0"},
				"south": {"uv": [7.5, 9.5, 8, 10], "texture": "#0"},
				"west": {"uv": [9.5, 2.5, 10.5, 3], "texture": "#0"},
				"up": {"uv": [3.5, 10.5, 3, 9.5], "texture": "#0"},
				"down": {"uv": [4, 9.5, 3.5, 10.5], "texture": "#0"}
			}
		},
		{
			"from": [5, 3, 6],
			"to": [11, 4, 11],
			"rotation": {"angle": 0, "axis": "y", "origin": [7, 3, 6]},
			"faces": {
				"north": {"uv": [3, 6.5, 6, 7], "texture": "#0"},
				"east": {"uv": [6, 7, 8.5, 7.5], "texture": "#0"},
				"south": {"uv": [3, 7, 6, 7.5], "texture": "#0"},
				"west": {"uv": [0, 7.5, 2.5, 8], "texture": "#0"},
				"up": {"uv": [6, 2.5, 3, 0], "texture": "#0"},
				"down": {"uv": [6, 2.5, 3, 5], "texture": "#0"}
			}
		},
		{
			"from": [4.25, 3.75, 10.75],
			"to": [5.25, 4.75, 11.75],
			"rotation": {"angle": 0, "axis": "y", "origin": [4.25, 3.75, 10.75]},
			"faces": {
				"north": {"uv": [9.5, 7.5, 10, 8], "texture": "#0"},
				"east": {"uv": [9.5, 8, 10, 8.5], "texture": "#0"},
				"south": {"uv": [8.5, 9.5, 9, 10], "texture": "#0"},
				"west": {"uv": [9.5, 8.5, 10, 9], "texture": "#0"},
				"up": {"uv": [9.5, 10, 9, 9.5], "texture": "#0"},
				"down": {"uv": [10, 9, 9.5, 9.5], "texture": "#0"}
			}
		},
		{
			"from": [10.75, 3.75, 10.75],
			"to": [11.75, 4.75, 11.75],
			"rotation": {"angle": 0, "axis": "y", "origin": [10.75, 3.75, 10.75]},
			"faces": {
				"north": {"uv": [2, 8, 2.5, 8.5], "texture": "#0"},
				"east": {"uv": [4, 9.5, 4.5, 10], "texture": "#0"},
				"south": {"uv": [9.5, 4, 10, 4.5], "texture": "#0"},
				"west": {"uv": [4.5, 9.5, 5, 10], "texture": "#0"},
				"up": {"uv": [10, 5, 9.5, 4.5], "texture": "#0"},
				"down": {"uv": [5.5, 9.5, 5, 10], "texture": "#0"}
			}
		}
	],
	"display": {
		"thirdperson_righthand": {
			"rotation": [-95, 0, -180],
			"translation": [0.25, 0, 5.75]
		},
		"thirdperson_lefthand": {
			"rotation": [-95, 0, -180],
			"translation": [0.25, 0, 5.75]
		},
		"firstperson_righthand": {
			"rotation": [0, -52, 0],
			"translation": [0.25, 9.25, 2.5],
			"scale": [0.8, 0.8, 0.8]
		},
		"firstperson_lefthand": {
			"rotation": [0, -52, 0],
			"translation": [0.25, 9.25, 2.5],
			"scale": [0.8, 0.8, 0.8]
		},
		"ground": {
			"translation": [0, 4.5, 0]
		},
		"gui": {
			"rotation": [17, 24, 0],
			"translation": [0, 5, 0]
		},
		"head": {
			"rotation": [0, 180, 0],
			"translation": [0, 18.25, 0],
			"scale": [1.5, 1.5, 1.5]
		},
		"fixed": {
			"rotation": [0, 180, 0],
			"translation": [0, 8.75, 0],
			"scale": [1.5, 1.5, 1.5]
		},
		"on_shelf": {
			"translation": [0, 0, -2]
		}
	}
}