{
	"textures": {
		"1": "animated_java:blueprint/present/0",
		"particle": "minecraft:item/pufferfish"
	},
	"display": {
		"head": {
			"rotation": [0, 180, 0]
		}
	},
	"elements": [
		{
			"from": [3, 17.01, 3],
			"to": [13, 17.01, 13],
			"rotation": {
				"angle": 0,
				"axis": "y",
				"origin": [2, 8, 2]
			},
			"faces": {
				"north": {
					"uv": [0.25, 1.25, 3.25, 3.5],
					"texture": "#1"
				},
				"east": {
					"uv": [3.25, 1.25, 0.25, 3.5],
					"texture": "#1"
				},
				"south": {
					"uv": [0.25, 1.25, 3.25, 3.5],
					"texture": "#1"
				},
				"west": {
					"uv": [3.25, 1.25, 0.25, 3.5],
					"texture": "#1"
				},
				"up": {
					"uv": [0, 0, 2.5, 2.5],
					"texture": "#1"
				},
				"down": {
					"uv": [0, 0, 0, 0],
					"texture": "#1"
				}
			},
			"light_emission": 15
		}
	]
}