{
    "music.start": {
        "subtitle": "Start Song",
        "replace": false,
        "sounds": [
            {
                "name": "mmsmp:game/start",
                "volume": 1,
                "weight": 1,
                "pitch": 1,
                "attenuation_distance": 16,
                "stream": false,
                "preload": false
            }
        ]
    },
    "music.join": {
        "subtitle": "Start Song",
        "replace": false,
        "sounds": [
            {
                "name": "mmsmp:game/join",
                "volume": 1,
                "weight": 1,
                "pitch": 1,
                "attenuation_distance": 16,
                "stream": false,
                "preload": true
            }
        ]
    }
}