{
	"format_version": "1.21.11",
	"credit": "Made with Blockbench",
	"textures": {
		"0": "mmsmp:block/council_portal",
		"particle": "mmsmp:block/council_portal"
	},
	"elements": [
		{
			"from": [13, 0, 7],
			"to": [16, 3, 7.7],
			"rotation": {"x": 0, "y": 0, "z": 0, "origin": [13, 0, 7]},
			"faces": {
				"north": {"uv": [0, 0, 16, 16], "texture": "#0"},
				"east": {"uv": [6, 0, 10, 16], "texture": "#0"},
				"south": {"uv": [0, 0, 16, 16], "texture": "#0"},
				"west": {"uv": [6, 0, 10, 16], "texture": "#0"},
				"up": {"uv": [0, 6, 16, 10], "texture": "#0"},
				"down": {"uv": [0, 6, 16, 10], "texture": "#0"}
			}
		},
		{
			"from": [10, 0, 7],
			"to": [13, 3, 7.7],
			"rotation": {"x": 0, "y": 0, "z": 0, "origin": [10, 0, 7]},
			"faces": {
				"north": {"uv": [0, 0, 16, 16], "texture": "#0"},
				"east": {"uv": [6, 0, 10, 16], "texture": "#0"},
				"south": {"uv": [0, 0, 16, 16], "texture": "#0"},
				"west": {"uv": [6, 0, 10, 16], "texture": "#0"},
				"up": {"uv": [0, 6, 16, 10], "texture": "#0"},
				"down": {"uv": [0, 6, 16, 10], "texture": "#0"}
			}
		},
		{
			"from": [7, 0, 7],
			"to": [10, 3, 7.7],
			"rotation": {"x": 0, "y": 0, "z": 0, "origin": [7, 0, 7]},
			"faces": {
				"north": {"uv": [0, 0, 16, 16], "texture": "#0"},
				"east": {"uv": [6, 0, 10, 16], "texture": "#0"},
				"south": {"uv": [0, 0, 16, 16], "texture": "#0"},
				"west": {"uv": [6, 0, 10, 16], "texture": "#0"},
				"up": {"uv": [0, 6, 16, 10], "texture": "#0"},
				"down": {"uv": [0, 6, 16, 10], "texture": "#0"}
			}
		},
		{
			"from": [4, 0, 7],
			"to": [7, 3, 7.7],
			"rotation": {"x": 0, "y": 0, "z": 0, "origin": [4, 0, 7]},
			"faces": {
				"north": {"uv": [0, 0, 16, 16], "texture": "#0"},
				"east": {"uv": [6, 0, 10, 16], "texture": "#0"},
				"south": {"uv": [0, 0, 16, 16], "texture": "#0"},
				"west": {"uv": [6, 0, 10, 16], "texture": "#0"},
				"up": {"uv": [0, 6, 16, 10], "texture": "#0"},
				"down": {"uv": [0, 6, 16, 10], "texture": "#0"}
			}
		},
		{
			"from": [1, 0, 7],
			"to": [4, 3, 7.7],
			"rotation": {"x": 0, "y": 0, "z": 0, "origin": [1, 0, 7]},
			"faces": {
				"north": {"uv": [0, 0, 16, 16], "texture": "#0"},
				"east": {"uv": [6, 0, 10, 16], "texture": "#0"},
				"south": {"uv": [0, 0, 16, 16], "texture": "#0"},
				"west": {"uv": [6, 0, 10, 16], "texture": "#0"},
				"up": {"uv": [0, 6, 16, 10], "texture": "#0"},
				"down": {"uv": [0, 6, 16, 10], "texture": "#0"}
			}
		},
		{
			"from": [1, 3, 7],
			"to": [4, 6, 7.7],
			"rotation": {"x": 0, "y": 0, "z": 0, "origin": [1, 3, 7]},
			"faces": {
				"north": {"uv": [0, 0, 16, 16], "texture": "#0"},
				"east": {"uv": [6, 0, 10, 16], "texture": "#0"},
				"south": {"uv": [0, 0, 16, 16], "texture": "#0"},
				"west": {"uv": [6, 0, 10, 16], "texture": "#0"},
				"up": {"uv": [0, 6, 16, 10], "texture": "#0"},
				"down": {"uv": [0, 6, 16, 10], "texture": "#0"}
			}
		},
		{
			"from": [4, 3, 7],
			"to": [7, 6, 7.7],
			"rotation": {"x": 0, "y": 0, "z": 0, "origin": [4, 3, 7]},
			"faces": {
				"north": {"uv": [0, 0, 16, 16], "texture": "#0"},
				"east": {"uv": [6, 0, 10, 16], "texture": "#0"},
				"south": {"uv": [0, 0, 16, 16], "texture": "#0"},
				"west": {"uv": [6, 0, 10, 16], "texture": "#0"},
				"up": {"uv": [0, 6, 16, 10], "texture": "#0"},
				"down": {"uv": [0, 6, 16, 10], "texture": "#0"}
			}
		},
		{
			"from": [7, 3, 7],
			"to": [10, 6, 7.7],
			"rotation": {"x": 0, "y": 0, "z": 0, "origin": [7, 3, 7]},
			"faces": {
				"north": {"uv": [0, 0, 16, 16], "texture": "#0"},
				"east": {"uv": [6, 0, 10, 16], "texture": "#0"},
				"south": {"uv": [0, 0, 16, 16], "texture": "#0"},
				"west": {"uv": [6, 0, 10, 16], "texture": "#0"},
				"up": {"uv": [0, 6, 16, 10], "texture": "#0"},
				"down": {"uv": [0, 6, 16, 10], "texture": "#0"}
			}
		},
		{
			"from": [13, 3, 7],
			"to": [16, 6, 7.7],
			"rotation": {"x": 0, "y": 0, "z": 0, "origin": [13, 3, 7]},
			"faces": {
				"north": {"uv": [0, 0, 16, 16], "texture": "#0"},
				"east": {"uv": [6, 0, 10, 16], "texture": "#0"},
				"south": {"uv": [0, 0, 16, 16], "texture": "#0"},
				"west": {"uv": [6, 0, 10, 16], "texture": "#0"},
				"up": {"uv": [0, 6, 16, 10], "texture": "#0"},
				"down": {"uv": [0, 6, 16, 10], "texture": "#0"}
			}
		},
		{
			"from": [10, 3, 7],
			"to": [13, 6, 7.7],
			"rotation": {"x": 0, "y": 0, "z": 0, "origin": [10, 3, 7]},
			"faces": {
				"north": {"uv": [0, 0, 16, 16], "texture": "#0"},
				"east": {"uv": [6, 0, 10, 16], "texture": "#0"},
				"south": {"uv": [0, 0, 16, 16], "texture": "#0"},
				"west": {"uv": [6, 0, 10, 16], "texture": "#0"},
				"up": {"uv": [0, 6, 16, 10], "texture": "#0"},
				"down": {"uv": [0, 6, 16, 10], "texture": "#0"}
			}
		},
		{
			"from": [10, 6, 7],
			"to": [13, 9, 7.7],
			"rotation": {"x": 0, "y": 0, "z": 0, "origin": [10, 6, 7]},
			"faces": {
				"north": {"uv": [0, 0, 16, 16], "texture": "#0"},
				"east": {"uv": [6, 0, 10, 16], "texture": "#0"},
				"south": {"uv": [0, 0, 16, 16], "texture": "#0"},
				"west": {"uv": [6, 0, 10, 16], "texture": "#0"},
				"up": {"uv": [0, 6, 16, 10], "texture": "#0"},
				"down": {"uv": [0, 6, 16, 10], "texture": "#0"}
			}
		},
		{
			"from": [13, 6, 7],
			"to": [16, 9, 7.7],
			"rotation": {"x": 0, "y": 0, "z": 0, "origin": [13, 6, 7]},
			"faces": {
				"north": {"uv": [0, 0, 16, 16], "texture": "#0"},
				"east": {"uv": [6, 0, 10, 16], "texture": "#0"},
				"south": {"uv": [0, 0, 16, 16], "texture": "#0"},
				"west": {"uv": [6, 0, 10, 16], "texture": "#0"},
				"up": {"uv": [0, 6, 16, 10], "texture": "#0"},
				"down": {"uv": [0, 6, 16, 10], "texture": "#0"}
			}
		},
		{
			"from": [7, 6, 7],
			"to": [10, 9, 7.7],
			"rotation": {"x": 0, "y": 0, "z": 0, "origin": [7, 6, 7]},
			"faces": {
				"north": {"uv": [0, 0, 16, 16], "texture": "#0"},
				"east": {"uv": [6, 0, 10, 16], "texture": "#0"},
				"south": {"uv": [0, 0, 16, 16], "texture": "#0"},
				"west": {"uv": [6, 0, 10, 16], "texture": "#0"},
				"up": {"uv": [0, 6, 16, 10], "texture": "#0"},
				"down": {"uv": [0, 6, 16, 10], "texture": "#0"}
			}
		},
		{
			"from": [4, 6, 7],
			"to": [7, 9, 7.7],
			"rotation": {"x": 0, "y": 0, "z": 0, "origin": [4, 6, 7]},
			"faces": {
				"north": {"uv": [0, 0, 16, 16], "texture": "#0"},
				"east": {"uv": [6, 0, 10, 16], "texture": "#0"},
				"south": {"uv": [0, 0, 16, 16], "texture": "#0"},
				"west": {"uv": [6, 0, 10, 16], "texture": "#0"},
				"up": {"uv": [0, 6, 16, 10], "texture": "#0"},
				"down": {"uv": [0, 6, 16, 10], "texture": "#0"}
			}
		},
		{
			"from": [1, 6, 7],
			"to": [4, 9, 7.7],
			"rotation": {"x": 0, "y": 0, "z": 0, "origin": [1, 6, 7]},
			"faces": {
				"north": {"uv": [0, 0, 16, 16], "texture": "#0"},
				"east": {"uv": [6, 0, 10, 16], "texture": "#0"},
				"south": {"uv": [0, 0, 16, 16], "texture": "#0"},
				"west": {"uv": [6, 0, 10, 16], "texture": "#0"},
				"up": {"uv": [0, 6, 16, 10], "texture": "#0"},
				"down": {"uv": [0, 6, 16, 10], "texture": "#0"}
			}
		},
		{
			"from": [1, 9, 7],
			"to": [4, 12, 7.7],
			"rotation": {"x": 0, "y": 0, "z": 0, "origin": [1, 9, 7]},
			"faces": {
				"north": {"uv": [0, 0, 16, 16], "texture": "#0"},
				"east": {"uv": [6, 0, 10, 16], "texture": "#0"},
				"south": {"uv": [0, 0, 16, 16], "texture": "#0"},
				"west": {"uv": [6, 0, 10, 16], "texture": "#0"},
				"up": {"uv": [0, 6, 16, 10], "texture": "#0"},
				"down": {"uv": [0, 6, 16, 10], "texture": "#0"}
			}
		},
		{
			"from": [4, 9, 7],
			"to": [7, 12, 7.7],
			"rotation": {"x": 0, "y": 0, "z": 0, "origin": [4, 9, 7]},
			"faces": {
				"north": {"uv": [0, 0, 16, 16], "texture": "#0"},
				"east": {"uv": [6, 0, 10, 16], "texture": "#0"},
				"south": {"uv": [0, 0, 16, 16], "texture": "#0"},
				"west": {"uv": [6, 0, 10, 16], "texture": "#0"},
				"up": {"uv": [0, 6, 16, 10], "texture": "#0"},
				"down": {"uv": [0, 6, 16, 10], "texture": "#0"}
			}
		},
		{
			"from": [7, 9, 7],
			"to": [10, 12, 7.7],
			"rotation": {"x": 0, "y": 0, "z": 0, "origin": [7, 9, 7]},
			"faces": {
				"north": {"uv": [0, 0, 16, 16], "texture": "#0"},
				"east": {"uv": [6, 0, 10, 16], "texture": "#0"},
				"south": {"uv": [0, 0, 16, 16], "texture": "#0"},
				"west": {"uv": [6, 0, 10, 16], "texture": "#0"},
				"up": {"uv": [0, 6, 16, 10], "texture": "#0"},
				"down": {"uv": [0, 6, 16, 10], "texture": "#0"}
			}
		},
		{
			"from": [10, 9, 7],
			"to": [13, 12, 7.7],
			"rotation": {"x": 0, "y": 0, "z": 0, "origin": [10, 9, 7]},
			"faces": {
				"north": {"uv": [0, 0, 16, 16], "texture": "#0"},
				"east": {"uv": [6, 0, 10, 16], "texture": "#0"},
				"south": {"uv": [0, 0, 16, 16], "texture": "#0"},
				"west": {"uv": [6, 0, 10, 16], "texture": "#0"},
				"up": {"uv": [0, 6, 16, 10], "texture": "#0"},
				"down": {"uv": [0, 6, 16, 10], "texture": "#0"}
			}
		},
		{
			"from": [13, 9, 7],
			"to": [16, 12, 7.7],
			"rotation": {"x": 0, "y": 0, "z": 0, "origin": [13, 9, 7]},
			"faces": {
				"north": {"uv": [0, 0, 16, 16], "texture": "#0"},
				"east": {"uv": [6, 0, 10, 16], "texture": "#0"},
				"south": {"uv": [0, 0, 16, 16], "texture": "#0"},
				"west": {"uv": [6, 0, 10, 16], "texture": "#0"},
				"up": {"uv": [0, 6, 16, 10], "texture": "#0"},
				"down": {"uv": [0, 6, 16, 10], "texture": "#0"}
			}
		},
		{
			"from": [13, 12, 7],
			"to": [16, 15, 7.7],
			"rotation": {"x": 0, "y": 0, "z": 0, "origin": [13, 12, 7]},
			"faces": {
				"north": {"uv": [0, 0, 16, 16], "texture": "#0"},
				"east": {"uv": [6, 0, 10, 16], "texture": "#0"},
				"south": {"uv": [0, 0, 16, 16], "texture": "#0"},
				"west": {"uv": [6, 0, 10, 16], "texture": "#0"},
				"up": {"uv": [0, 6, 16, 10], "texture": "#0"},
				"down": {"uv": [0, 6, 16, 10], "texture": "#0"}
			}
		},
		{
			"from": [10, 12, 7],
			"to": [13, 15, 7.7],
			"rotation": {"x": 0, "y": 0, "z": 0, "origin": [10, 12, 7]},
			"faces": {
				"north": {"uv": [0, 0, 16, 16], "texture": "#0"},
				"east": {"uv": [6, 0, 10, 16], "texture": "#0"},
				"south": {"uv": [0, 0, 16, 16], "texture": "#0"},
				"west": {"uv": [6, 0, 10, 16], "texture": "#0"},
				"up": {"uv": [0, 6, 16, 10], "texture": "#0"},
				"down": {"uv": [0, 6, 16, 10], "texture": "#0"}
			}
		},
		{
			"from": [7, 12, 7],
			"to": [10, 15, 7.7],
			"rotation": {"x": 0, "y": 0, "z": 0, "origin": [7, 12, 7]},
			"faces": {
				"north": {"uv": [0, 0, 16, 16], "texture": "#0"},
				"east": {"uv": [6, 0, 10, 16], "texture": "#0"},
				"south": {"uv": [0, 0, 16, 16], "texture": "#0"},
				"west": {"uv": [6, 0, 10, 16], "texture": "#0"},
				"up": {"uv": [0, 6, 16, 10], "texture": "#0"},
				"down": {"uv": [0, 6, 16, 10], "texture": "#0"}
			}
		},
		{
			"from": [4, 12, 7],
			"to": [7, 15, 7.7],
			"rotation": {"x": 0, "y": 0, "z": 0, "origin": [4, 12, 7]},
			"faces": {
				"north": {"uv": [0, 0, 16, 16], "texture": "#0"},
				"east": {"uv": [6, 0, 10, 16], "texture": "#0"},
				"south": {"uv": [0, 0, 16, 16], "texture": "#0"},
				"west": {"uv": [6, 0, 10, 16], "texture": "#0"},
				"up": {"uv": [0, 6, 16, 10], "texture": "#0"},
				"down": {"uv": [0, 6, 16, 10], "texture": "#0"}
			}
		},
		{
			"from": [1, 12, 7],
			"to": [4, 15, 7.7],
			"rotation": {"x": 0, "y": 0, "z": 0, "origin": [1, 12, 7]},
			"faces": {
				"north": {"uv": [0, 0, 16, 16], "texture": "#0"},
				"east": {"uv": [6, 0, 10, 16], "texture": "#0"},
				"south": {"uv": [0, 0, 16, 16], "texture": "#0"},
				"west": {"uv": [6, 0, 10, 16], "texture": "#0"},
				"up": {"uv": [0, 6, 16, 10], "texture": "#0"},
				"down": {"uv": [0, 6, 16, 10], "texture": "#0"}
			}
		}
	],
	"display": {
		"thirdperson_righthand": {
			"rotation": [75, 45, 0],
			"translation": [0, 0.5, 0],
			"scale": [0.375, 0.375, 0.375]
		},
		"thirdperson_lefthand": {
			"rotation": [75, 45, 0],
			"translation": [0, 0.5, 0],
			"scale": [0.375, 0.375, 0.375]
		},
		"head": {
			"translation": [-2.5, 0, 0],
			"scale": [4, 4, 4]
		}
	}
}