{
  "model": {
    "type": "minecraft:range_dispatch",
    "property": "minecraft:custom_model_data",
    "entries": [
      {"threshold":1,"model":{"type":"minecraft:model","model":"custom:item/cardboard_box"}},
      {"threshold":2,"model":{"type":"minecraft:model","model":"custom:item/ribbon"}},
      {"threshold":3,"model":{"type":"minecraft:model","model":"custom:item/wrapping_paper","tints":[{"type":"minecraft:dye","default": -1}]}},
      {"threshold":4,"model":{"type":"minecraft:model","model":"custom:item/wrapped_present","tints":[{"type":"minecraft:dye","default": -1}]}},
      {"threshold":5,"model":{"type":"minecraft:model","model":"custom:item/open_present","tints":[{"type":"minecraft:dye","default": -1}]}},
      {"threshold":6,"model":{"type":"minecraft:model","model":"custom:item/present","tints":[{"type":"minecraft:dye","default": -1}]}}
    ]
  }
}